{
  "cam0": {
    "D": [
      -0.05761959903731187,
      0.0029356256212510054,
      -0.006634361165985679,
      0.0017843379743501806
    ],
    "K": [
      395.00109559502636,
      394.7747916429034,
      536.1617651628547,
      673.6553587142616
    ],
    "T_c_b": [
      [
        0.2514088520272634,
        0.8660599443641283,
        -0.4321270205510593,
        0.10188597792517858
      ],
      [
        -0.8628168330240137,
        -0.00176234833956318,
        -0.5055136069174997,
        0.04295969162817004
      ],
      [
        -0.43856664461942835,
        0.49993706293525797,
        0.7468080284322893,
        -0.2345469876624922
      ],
      [
        0.0,
        0.0,
        0.0,
        1.0
      ]
    ],
    "camera_model": "pinhole",
    "distortion_model": "equidistant"
  },
  "cam01": {
    "K": [
      200.00000000000006,
      200.00000000000006,
      256.0,
      256.0
    ],
    "T_c0_b": [
      [
        0.9999927826762269,
        0.0006274356728282954,
        -0.0037471215528553084,
        0.0922969659441881
      ],
      [
        -0.003214110710991653,
        0.6656062851528578,
        -0.7462961494322137,
        0.16012751627571659
      ],
      [
        0.0020258548301641715,
        0.7463028068347916,
        0.6656034979045091,
        -0.18187640207837352
      ],
      [
        0.0,
        0.0,
        0.0,
        1.0
      ]
    ],
    "baseline": 0.14530696269782056
  },
  "cam1": {
    "D": [
      -0.05447515001895322,
      -0.004585362477944007,
      -0.0014068764700961882,
      0.0007025151712548356
    ],
    "K": [
      393.55340406395106,
      393.28715684686443,
      542.2206853120093,
      657.4503753501341
    ],
    "T_cn_cnm1": [
      [
        -0.8757267034226962,
        -0.4334105804454474,
        -0.21273929977874914,
        -0.03558586437354394
      ],
      [
        0.430325390635062,
        -0.5008877925235563,
        -0.7509537119394611,
        -0.1266418904865405
      ],
      [
        0.21891276593016093,
        -0.7491773408605029,
        0.625148392666883,
        -0.06172188622562206
      ],
      [
        0.0,
        0.0,
        0.0,
        1.0
      ]
    ],
    "camera_model": "pinhole",
    "distortion_model": "equidistant"
  },
  "cam2": {
    "D": [
      -0.05836168773666623,
      0.0007872549620501365,
      -0.00629456849079218,
      0.002390768156079088
    ],
    "K": [
      395.4542533845256,
      395.5537951778382,
      545.8560606598916,
      657.9798005111777
    ],
    "T_cn_cnm1": [
      [
        -0.5375188088397032,
        0.24936962591266637,
        0.8055360450133361,
        0.12970697966945538
      ],
      [
        -0.25669503412415545,
        0.8615487000157906,
        -0.4379971426357756,
        -0.07346810254112937
      ],
      [
        -0.8032317160069996,
        -0.4422088049477103,
        -0.39908668635670197,
        -0.22362519911425208
      ],
      [
        0.0,
        0.0,
        0.0,
        1.0
      ]
    ],
    "camera_model": "pinhole",
    "distortion_model": "equidistant"
  },
  "cam3": {
    "D": [
      -0.056216443478993725,
      -0.005317845099511976,
      -6.621165624969179e-05,
      0.00011839559082425627
    ],
    "K": [
      395.72395165269614,
      395.26038160815466,
      538.9967644789181,
      641.4500725845512
    ],
    "T_cn_cnm1": [
      [
        -0.6251662803454691,
        0.4297032782530559,
        -0.6515536927817833,
        -0.10028190094522217
      ],
      [
        -0.43520354339784484,
        0.5010539057936366,
        0.7480259750188444,
        0.11509551220532377
      ],
      [
        0.6478927362866185,
        0.75119909221691,
        -0.1262336172321775,
        -0.17129991531294733
      ],
      [
        0.0,
        0.0,
        0.0,
        1.0
      ]
    ],
    "camera_model": "pinhole",
    "distortion_model": "equidistant"
  }
}